{"cameraMode":{"drawMode":0,"name":"Shaded","section":"Shading Mode"},"sceneLighting":true,"audioPlay":false,"sceneViewState":{"m_AlwaysRefresh":false,"showFog":true,"showSkybox":false,"showFlares":true,"showImageEffects":true,"showParticleSystems":true,"showVisualEffectGraphs":true,"m_FxEnabled":true},"in2DMode":false,"pivot":{"x":-16.44821548461914,"y":1.6893482208251954,"z":-13.422706604003907},"rotation":{"x":0.18257510662078858,"y":-0.09627725929021836,"z":0.01800931990146637,"w":0.9783321022987366},"size":29.140697479248048,"orthographic":false}