{"cameraMode":{"drawMode":0,"name":"Shaded","section":"Shading Mode"},"sceneLighting":false,"audioPlay":false,"sceneViewState":{"m_AlwaysRefresh":false,"showFog":true,"showSkybox":false,"showFlares":true,"showImageEffects":true,"showParticleSystems":true,"showVisualEffectGraphs":true,"m_FxEnabled":true},"in2DMode":false,"pivot":{"x":-0.9795061349868774,"y":1.1879223585128785,"z":0.8668544292449951},"rotation":{"x":0.7273129820823669,"y":-0.010702772065997124,"z":0.011353755369782448,"w":0.6861658692359924},"size":5.658571243286133,"orthographic":false}