{"cameraMode":{"drawMode":0,"name":"Shaded","section":"Shading Mode"},"sceneLighting":false,"audioPlay":false,"sceneViewState":{"m_AlwaysRefresh":false,"showFog":true,"showSkybox":false,"showFlares":true,"showImageEffects":true,"showParticleSystems":true,"showVisualEffectGraphs":true,"m_FxEnabled":true},"in2DMode":false,"pivot":{"x":157.22926330566407,"y":577.4215087890625,"z":-1176.16259765625},"rotation":{"x":0.10754702985286713,"y":-0.06677105277776718,"z":0.0072404672391712669,"w":0.9919323921203613},"size":57.10926818847656,"orthographic":false}