{"cameraMode":{"drawMode":0,"name":"Shaded","section":"Shading Mode"},"sceneLighting":false,"audioPlay":false,"sceneViewState":{"m_AlwaysRefresh":false,"showFog":true,"showSkybox":false,"showFlares":true,"showImageEffects":true,"showParticleSystems":true,"showVisualEffectGraphs":true,"m_FxEnabled":true},"in2DMode":false,"pivot":{"x":1.0031309127807618,"y":-3.018604278564453,"z":17.601177215576173},"rotation":{"x":0.6579293608665466,"y":-0.024160966277122499,"z":0.021131442859768869,"w":0.7524188160896301},"size":22.5943660736084,"orthographic":false}