{"cameraMode":{"drawMode":0,"name":"Shaded","section":"Shading Mode"},"sceneLighting":false,"audioPlay":false,"sceneViewState":{"m_AlwaysRefresh":false,"showFog":true,"showSkybox":false,"showFlares":true,"showImageEffects":true,"showParticleSystems":true,"showVisualEffectGraphs":true,"m_FxEnabled":true},"in2DMode":false,"pivot":{"x":2.009528160095215,"y":11.258708953857422,"z":-18.23249626159668},"rotation":{"x":0.36543941497802737,"y":-0.03628852590918541,"z":0.014261129312217236,"w":0.9300297498703003},"size":4.6880316734313969,"orthographic":false}